field_name,total_rows,missing_count,non_missing_count,missing_ratio
record_id,364,0,364,0.0
task,364,0,364,0.0
source_type,364,0,364,0.0
source_name,364,0,364,0.0
source_record_id,364,0,364,0.0
target,364,0,364,0.0
sequence,364,1,363,0.002747
peptide_length,364,1,363,0.002747
activity_label_raw,364,1,363,0.002747
ic50_raw,364,30,334,0.082418
ic50_value,364,30,334,0.082418
ic50_unit,364,30,334,0.082418
ic50_relation,364,30,334,0.082418
ic50_uM,364,30,334,0.082418
ic50_parse_status,364,0,364,0.0
ic50_parse_note,364,30,334,0.082418
protein_id_raw,364,0,364,0.0
protein_description_raw,364,1,363,0.002747
species_raw,364,1,363,0.002747
intervals_raw,364,1,363,0.002747
function_raw,364,1,363,0.002747
additional_details_raw,364,362,2,0.994505
inhibition_type_raw,364,362,2,0.994505
inhibited_microorganisms_raw,364,364,0,1.0
ptm_raw,364,364,0,1.0
title_raw,364,1,363,0.002747
authors_raw,364,1,363,0.002747
abstract_raw,364,1,363,0.002747
doi_raw,364,1,363,0.002747
notes,364,289,75,0.793956
